id,title,author,category,isbn,publisher_id,total_copies,available_copies
1,Advanced Mobile Development: Theory and Practice,Dr. Venkat Reddy,Mobile Development,979-3-458-212-1,6,9,3
2,Advanced Construction Management: Theory and Practice,Dr. Prakash,Construction Management,978-9-106-179-6,5,5,5
3,Advanced Cloud Computing: Theory and Practice,Prof. Ramesh Gupta,Cloud Computing,978-6-238-975-2,7,13,6
4,Big Data Analytics: Principles and Applications,Dr. Prakash,Data Science,978-2-911-528-3,7,14,8
5,Operating Systems: Principles and Applications,Prof. Sunita Rao,Computer Science,979-4-448-366-3,9,6,1
6,Advanced Communication Systems: Theory and Practice,Prof. Meera Nair,Communication Systems,978-2-114-129-3,8,10,5
7,Advanced Cloud Computing: Theory and Practice,Prof. Lakshmi Devi,Cloud Computing,979-8-192-966-2,1,11,6
8,Advanced Philosophy: Theory and Practice,Prof. Grace Kim,Philosophy,979-5-550-300-8,8,13,1
9,Data Visualization: Principles and Applications,Dr. Ashok Kumar,Data Science,978-6-746-260-9,6,6,5
10,Advanced Electrical Engineering: Theory and Practice,Dr. Priya Sharma,Electrical Engineering,978-7-364-748-8,4,12,3
11,Advanced Web Development: Theory and Practice,Prof. Sarala,Web Development,978-3-130-942-2,10,6,5
12,Big Data Analytics: Principles and Applications,Dr. Rajesh Babu,Data Science,978-0-993-524-8,3,13,9
13,Advanced Communication Systems: Theory and Practice,Dr. Henry Davis,Communication Systems,979-2-853-281-5,5,8,3
14,Advanced Renewable Energy: Theory and Practice,Prof. Grace Kim,Renewable Energy,979-7-730-212-1,6,12,3
15,Advanced Biotechnology: Theory and Practice,Prof. Grace Kim,Biotechnology,979-4-932-808-1,5,3,3
16,Advanced Communication Systems: Theory and Practice,Dr. Rajesh Babu,Communication Systems,978-1-835-737-9,4,14,1
17,Hydraulic Engineering: Principles and Applications,Dr. Kiran Patel,Civil Engineering,978-2-997-647-6,8,6,0
18,Advanced Biology: Theory and Practice,Prof. Lakshmi Devi,Biology,979-5-256-517-7,6,9,7
19,Advanced Political Science: Theory and Practice,Prof. Sarala,Political Science,979-3-323-911-4,3,7,2
20,Advanced Robotics: Theory and Practice,Prof. Meera Nair,Robotics,979-5-365-939-7,9,14,10
21,Advanced Web Development: Theory and Practice,Prof. Meera Nair,Web Development,979-1-504-913-6,8,15,7
22,Advanced Digital Signal Processing: Theory and Practice,Dr. Kiran Patel,Digital Signal Processing,979-4-838-151-9,2,6,0
23,Neural Networks: Principles and Applications,Prof. Sarala,Artificial Intelligence,979-2-962-442-9,5,10,1
24,Statistical Learning: Principles and Applications,Dr. Priya Sharma,Machine Learning,978-0-693-157-3,7,5,2
25,Advanced Marketing: Theory and Practice,Prof. Ramesh Gupta,Marketing,979-7-263-783-6,1,11,9
26,Advanced Biology: Theory and Practice,Prof. Sarala,Biology,978-3-975-555-7,3,15,14
27,Advanced Philosophy: Theory and Practice,Dr. Henry Davis,Philosophy,978-9-732-215-4,5,7,2
28,Advanced Fluid Mechanics: Theory and Practice,Dr. Venkat Reddy,Fluid Mechanics,978-4-347-998-7,7,9,2
29,Advanced Psychology: Theory and Practice,Prof. Meera Nair,Psychology,978-6-736-711-1,8,6,1
30,Advanced Philosophy: Theory and Practice,Prof. Ramesh Gupta,Philosophy,979-9-770-577-5,4,11,7
31,Data Structures: Principles and Applications,Dr. Rajesh Babu,Computer Science,979-7-575-680-6,10,4,0
32,Machine Design: Principles and Applications,Prof. Anita Desai,Mechanical Engineering,979-4-623-380-4,7,9,7
33,Advanced Robotics: Theory and Practice,Prof. Lakshmi Devi,Robotics,979-0-257-727-9,10,8,6
34,Operating Systems: Principles and Applications,Prof. Anita Desai,Computer Science,978-6-955-490-9,5,13,8
35,Probability Theory: Principles and Applications,Dr. Ramesh Kumar,Mathematics,978-3-205-741-6,4,9,6
36,Advanced Construction Management: Theory and Practice,Dr. Henry Davis,Construction Management,978-4-279-500-8,10,5,4
37,Pattern Recognition: Principles and Applications,Dr. Ramesh Kumar,Machine Learning,978-6-521-942-2,7,10,10
38,Advanced Electrical Engineering: Theory and Practice,Dr. Ashok Kumar,Electrical Engineering,978-7-570-440-2,4,6,4
39,Advanced Biology: Theory and Practice,Prof. Anita Desai,Biology,979-7-750-224-1,9,3,0
40,Advanced Thermodynamics: Theory and Practice,Dr. Venkat Reddy,Thermodynamics,978-1-507-942-2,5,8,3
41,Advanced Biotechnology: Theory and Practice,Prof. Ramesh Gupta,Biotechnology,979-5-560-246-6,7,4,1
42,Advanced Electrical Engineering: Theory and Practice,Dr. Rajesh Babu,Electrical Engineering,979-1-254-865-5,6,12,5
43,Advanced Digital Signal Processing: Theory and Practice,Prof. Grace Kim,Digital Signal Processing,978-8-835-810-6,9,5,2
44,Advanced Economics: Theory and Practice,Dr. Prakash,Economics,978-6-868-415-5,9,7,6
45,Advanced Renewable Energy: Theory and Practice,Prof. Sarala,Renewable Energy,978-3-628-609-4,6,13,7
46,Advanced Marketing: Theory and Practice,Dr. Kiran Patel,Marketing,978-7-971-259-4,6,15,2
47,Advanced Biology: Theory and Practice,Prof. Meera Nair,Biology,978-0-276-952-6,10,9,4
48,Advanced Construction Management: Theory and Practice,Dr. Ashok Kumar,Construction Management,978-6-257-203-6,8,7,0
49,Advanced Communication Systems: Theory and Practice,Dr. Ramesh Kumar,Communication Systems,979-0-115-620-2,3,4,3
50,Advanced Biotechnology: Theory and Practice,Dr. Rajesh Babu,Biotechnology,978-7-144-650-4,8,11,2
51,Advanced Human Resources: Theory and Practice,Prof. Ramesh Gupta,Human Resources,979-8-405-182-2,6,14,13
52,Advanced Construction Management: Theory and Practice,Dr. Prakash,Construction Management,979-7-865-458-7,6,13,0
53,Advanced Robotics: Theory and Practice,Prof. Sarala,Robotics,979-6-396-331-5,9,9,0
54,Advanced Political Science: Theory and Practice,Dr. Priya Sharma,Political Science,979-1-240-535-4,7,7,1
55,Electromagnetism: Principles and Applications,Dr. Henry Davis,Physics,978-9-223-883-5,4,7,6
56,Advanced Sociology: Theory and Practice,Dr. Prakash,Sociology,979-5-920-903-7,9,3,1
57,Advanced Cloud Computing: Theory and Practice,Prof. Lakshmi Devi,Cloud Computing,978-4-784-260-6,10,8,0
58,Advanced Political Science: Theory and Practice,Dr. Rajesh Babu,Political Science,978-9-562-471-9,8,12,5
59,Human Resource Management: Principles and Applications,Dr. Kiran Patel,Business Management,978-4-190-483-8,5,3,1
60,Advanced Fluid Mechanics: Theory and Practice,Dr. Kiran Patel,Fluid Mechanics,979-5-454-870-9,2,12,12
61,Operations Management: Principles and Applications,Dr. Ramesh Kumar,Business Management,979-0-636-177-3,2,8,8
62,Advanced Sociology: Theory and Practice,Dr. Priya Sharma,Sociology,979-3-287-233-4,9,3,1
63,Operating Systems: Principles and Applications,Prof. Anita Desai,Computer Science,978-3-558-269-3,2,15,2
64,Advanced Political Science: Theory and Practice,Dr. Rajesh Babu,Political Science,979-6-296-555-3,10,15,12
65,Computer Networks: Principles and Applications,Dr. Venkat Reddy,Computer Science,978-5-177-730-4,3,8,2
66,Advanced Structural Analysis: Theory and Practice,Dr. Ramesh Kumar,Structural Analysis,979-3-341-969-2,10,3,1
67,Advanced Economics: Theory and Practice,Dr. Henry Davis,Economics,979-2-917-418-8,7,11,7
68,Advanced Mobile Development: Theory and Practice,Prof. Meera Nair,Mobile Development,978-5-243-371-2,3,8,1
69,Pattern Recognition: Principles and Applications,Dr. Henry Davis,Machine Learning,979-3-554-337-2,9,3,2
70,Advanced Philosophy: Theory and Practice,Prof. Ramesh Gupta,Philosophy,979-4-891-787-1,1,14,6
71,Advanced Electrical Engineering: Theory and Practice,Prof. Ramesh Gupta,Electrical Engineering,978-4-869-222-3,4,7,1
72,Advanced Biotechnology: Theory and Practice,Prof. Grace Kim,Biotechnology,978-4-337-826-9,2,10,9
73,Marketing Management: Principles and Applications,Prof. Lakshmi Devi,Business Management,979-0-374-905-3,8,8,7
74,Advanced Economics: Theory and Practice,Dr. Prakash,Economics,978-4-945-564-7,8,4,1
75,Advanced Biology: Theory and Practice,Dr. Priya Sharma,Biology,978-1-954-278-1,8,13,3
76,Advanced Mobile Development: Theory and Practice,Dr. Ashok Kumar,Mobile Development,978-8-679-770-7,10,3,2
77,Natural Language Processing: Principles and Applications,Prof. Sarala,Artificial Intelligence,979-2-303-564-1,2,7,5
78,Advanced Biotechnology: Theory and Practice,Prof. Anita Desai,Biotechnology,979-3-781-545-3,2,5,0
79,Advanced Biotechnology: Theory and Practice,Prof. Sunita Rao,Biotechnology,979-9-611-520-8,7,4,4
80,Advanced Chemistry: Theory and Practice,Prof. Anita Desai,Chemistry,978-7-960-664-4,6,9,3
81,Data Structures: Principles and Applications,Prof. Lakshmi Devi,Computer Science,978-0-304-134-5,10,5,5
82,Aerospace Engineering: Principles and Applications,Dr. Venkat Reddy,Mechanical Engineering,978-2-179-599-6,8,11,2
83,Advanced Sociology: Theory and Practice,Prof. Ramesh Gupta,Sociology,979-2-819-474-2,6,15,15
84,Advanced Fluid Mechanics: Theory and Practice,Prof. Ramesh Gupta,Fluid Mechanics,978-0-663-860-7,7,13,2
85,Advanced Control Systems: Theory and Practice,Prof. Anita Desai,Control Systems,978-6-885-316-9,4,14,14
86,Advanced Mobile Development: Theory and Practice,Dr. Ramesh Kumar,Mobile Development,978-4-537-153-9,10,7,3
87,Advanced Electrical Engineering: Theory and Practice,Dr. Priya Sharma,Electrical Engineering,979-1-166-520-3,6,7,0
88,Advanced Mobile Development: Theory and Practice,Prof. Frank Lee,Mobile Development,979-5-939-259-5,8,3,0
89,Advanced Marketing: Theory and Practice,Prof. Sunita Rao,Marketing,979-1-934-797-1,7,6,6
90,Geotechnical Engineering: Principles and Applications,Dr. Priya Sharma,Civil Engineering,978-7-385-891-5,5,15,5
91,Structural Engineering: Principles and Applications,Dr. Prakash,Civil Engineering,978-2-339-283-6,10,15,7
92,Advanced Mobile Development: Theory and Practice,Prof. Ramesh Gupta,Mobile Development,978-4-588-817-5,10,3,1
93,Advanced Human Resources: Theory and Practice,Prof. Ramesh Gupta,Human Resources,978-7-272-821-7,8,7,1
94,Advanced Mobile Development: Theory and Practice,Dr. Rajesh Babu,Mobile Development,979-1-962-837-7,4,13,5
95,Machine Design: Principles and Applications,Dr. Ashok Kumar,Mechanical Engineering,979-1-528-957-7,6,15,14
96,Advanced Power Systems: Theory and Practice,Prof. Anita Desai,Power Systems,978-6-877-793-1,2,5,1
97,Advanced Sociology: Theory and Practice,Dr. Priya Sharma,Sociology,978-5-686-112-5,3,8,0
98,Advanced Biology: Theory and Practice,Dr. Henry Davis,Biology,979-8-250-823-1,9,3,3
99,Advanced Biotechnology: Theory and Practice,Dr. Ashok Kumar,Biotechnology,978-2-412-954-9,9,13,8
100,Advanced Cloud Computing: Theory and Practice,Prof. Lakshmi Devi,Cloud Computing,978-2-975-942-2,5,13,1
101,Advanced History: Theory and Practice,Prof. Sarala,History,978-0-314-580-1,6,5,3
102,Statistical Physics: Principles and Applications,Prof. Frank Lee,Physics,978-5-785-265-9,9,5,2
103,Advanced Structural Analysis: Theory and Practice,Prof. Anita Desai,Structural Analysis,979-9-306-470-5,1,14,13
104,Advanced Construction Management: Theory and Practice,Prof. Frank Lee,Construction Management,979-5-658-784-2,2,11,3
105,Advanced Control Systems: Theory and Practice,Dr. Venkat Reddy,Control Systems,978-8-589-410-9,5,13,5
106,Natural Language Processing: Principles and Applications,Prof. Meera Nair,Artificial Intelligence,979-3-252-402-1,3,6,6
107,Advanced Control Systems: Theory and Practice,Prof. Sunita Rao,Control Systems,979-6-477-592-4,3,11,1
108,Advanced Sociology: Theory and Practice,Dr. Ramesh Kumar,Sociology,979-3-253-196-6,6,13,9
109,Computer Networks: Principles and Applications,Dr. Venkat Reddy,Computer Science,979-0-571-634-8,8,14,11
110,Quantum Physics: Principles and Applications,Prof. Meera Nair,Physics,979-1-451-932-3,10,4,4
111,Pattern Recognition: Principles and Applications,Dr. Priya Sharma,Machine Learning,978-7-560-742-5,1,3,0
112,VLSI Design: Principles and Applications,Dr. Rajesh Babu,Electronics Engineering,979-4-270-795-4,3,5,1
113,Advanced Fluid Mechanics: Theory and Practice,Dr. Venkat Reddy,Fluid Mechanics,979-0-332-742-3,3,7,4
114,Advanced Economics: Theory and Practice,Prof. Sarala,Economics,979-4-998-274-2,3,13,13
115,Advanced Control Systems: Theory and Practice,Dr. Henry Davis,Control Systems,979-9-876-745-4,9,12,8
116,Advanced Biology: Theory and Practice,Dr. Kiran Patel,Biology,979-1-110-695-4,3,3,0
117,Operating Systems: Principles and Applications,Prof. Anita Desai,Computer Science,979-4-387-238-9,7,14,3
118,Advanced Electrical Engineering: Theory and Practice,Prof. Frank Lee,Electrical Engineering,979-5-883-984-3,6,12,3
119,Advanced Literature: Theory and Practice,Dr. Venkat Reddy,Literature,978-8-105-241-8,2,13,9
120,Advanced Marketing: Theory and Practice,Prof. Lakshmi Devi,Marketing,979-5-670-601-8,9,4,2
121,Advanced Digital Signal Processing: Theory and Practice,Dr. Priya Sharma,Digital Signal Processing,979-5-776-431-1,8,14,14
122,Financial Management: Principles and Applications,Prof. Ramesh Gupta,Business Management,978-9-273-381-6,3,10,0
123,Advanced Digital Signal Processing: Theory and Practice,Prof. Lakshmi Devi,Digital Signal Processing,979-3-872-225-2,4,9,9
124,Advanced Psychology: Theory and Practice,Prof. Sarala,Psychology,978-6-298-225-4,1,7,3
125,Data Structures: Principles and Applications,Dr. Ashok Kumar,Computer Science,979-4-910-781-2,5,11,0
126,Pattern Recognition: Principles and Applications,Dr. Venkat Reddy,Machine Learning,979-8-760-881-6,4,9,6
127,Numerical Methods: Principles and Applications,Prof. Grace Kim,Mathematics,979-4-577-326-6,9,14,10
128,Advanced Structural Analysis: Theory and Practice,Dr. Venkat Reddy,Structural Analysis,978-8-619-318-5,2,10,5
129,Digital Forensics: Principles and Applications,Dr. Rajesh Babu,Cybersecurity,979-6-871-372-8,6,8,6
130,Advanced Sociology: Theory and Practice,Dr. Ramesh Kumar,Sociology,978-1-512-234-3,7,5,3
131,Cryptography: Principles and Applications,Dr. Rajesh Babu,Cybersecurity,978-0-397-645-8,5,4,2
132,Advanced Thermodynamics: Theory and Practice,Dr. Ramesh Kumar,Thermodynamics,978-4-259-959-5,10,10,10
133,Aerospace Engineering: Principles and Applications,Dr. Henry Davis,Mechanical Engineering,978-5-692-951-7,4,6,4
134,Aerospace Engineering: Principles and Applications,Prof. Lakshmi Devi,Mechanical Engineering,978-5-827-568-5,8,15,4
135,Advanced Literature: Theory and Practice,Dr. Kiran Patel,Literature,978-8-633-648-6,3,15,15
136,Advanced Marketing: Theory and Practice,Dr. Ramesh Kumar,Marketing,979-4-425-732-5,7,8,3
137,Advanced Robotics: Theory and Practice,Dr. Rajesh Babu,Robotics,979-4-729-557-8,9,4,3
138,Advanced Robotics: Theory and Practice,Dr. Priya Sharma,Robotics,979-7-439-737-4,10,9,8
139,Advanced Electrical Engineering: Theory and Practice,Dr. Prakash,Electrical Engineering,979-9-820-238-9,8,9,9
140,Advanced History: Theory and Practice,Prof. Meera Nair,History,978-4-391-226-3,6,12,6
141,Advanced History: Theory and Practice,Prof. Frank Lee,History,978-6-913-220-5,8,12,3
142,Unsupervised Learning: Principles and Applications,Dr. Venkat Reddy,Machine Learning,978-3-183-174-4,7,12,4
143,Microprocessors: Principles and Applications,Prof. Frank Lee,Electronics Engineering,978-8-190-663-9,9,13,12
144,Advanced Sociology: Theory and Practice,Dr. Venkat Reddy,Sociology,978-5-560-495-9,8,5,2
145,Advanced Psychology: Theory and Practice,Dr. Rajesh Babu,Psychology,978-1-255-858-3,10,3,3
146,Advanced Human Resources: Theory and Practice,Prof. Lakshmi Devi,Human Resources,978-2-869-910-6,10,15,10
147,Advanced Structural Analysis: Theory and Practice,Dr. Kiran Patel,Structural Analysis,978-6-362-325-5,2,7,1
148,Advanced Renewable Energy: Theory and Practice,Prof. Lakshmi Devi,Renewable Energy,979-2-795-948-2,9,13,6
149,Advanced Philosophy: Theory and Practice,Prof. Anita Desai,Philosophy,979-6-445-750-1,5,9,7
150,Advanced Renewable Energy: Theory and Practice,Prof. Frank Lee,Renewable Energy,979-4-676-402-1,9,3,3
151,Hydraulic Engineering: Principles and Applications,Dr. Prakash,Civil Engineering,979-7-709-288-3,8,9,0
152,Advanced Web Development: Theory and Practice,Prof. Anita Desai,Web Development,979-9-686-656-8,5,4,2
153,Advanced Control Systems: Theory and Practice,Dr. Priya Sharma,Control Systems,978-2-104-834-4,1,10,5
154,Advanced Thermodynamics: Theory and Practice,Prof. Sunita Rao,Thermodynamics,978-0-357-729-5,4,13,10
155,Advanced Philosophy: Theory and Practice,Prof. Frank Lee,Philosophy,978-5-944-399-4,6,15,10
156,Advanced Renewable Energy: Theory and Practice,Prof. Ramesh Gupta,Renewable Energy,978-7-819-640-6,4,8,6
157,Advanced Web Development: Theory and Practice,Prof. Sarala,Web Development,978-8-522-143-5,6,6,3
158,Statistical Physics: Principles and Applications,Prof. Meera Nair,Physics,978-0-736-395-7,1,10,1
159,Advanced Philosophy: Theory and Practice,Dr. Priya Sharma,Philosophy,979-9-755-862-5,6,7,4
160,Advanced Construction Management: Theory and Practice,Prof. Ramesh Gupta,Construction Management,979-1-645-438-9,7,10,7
161,Advanced Robotics: Theory and Practice,Dr. Venkat Reddy,Robotics,978-3-424-580-8,2,11,2
162,Advanced Chemistry: Theory and Practice,Dr. Priya Sharma,Chemistry,979-4-895-134-9,8,15,7
163,Advanced Chemistry: Theory and Practice,Dr. Priya Sharma,Chemistry,979-2-774-837-3,1,14,0
164,Advanced Robotics: Theory and Practice,Dr. Prakash,Robotics,978-8-367-307-9,6,12,2
165,Advanced Biology: Theory and Practice,Prof. Meera Nair,Biology,978-8-374-394-5,2,14,9
166,Advanced Literature: Theory and Practice,Dr. Priya Sharma,Literature,978-5-306-346-3,2,14,5
167,Advanced Sociology: Theory and Practice,Dr. Prakash,Sociology,978-5-347-617-1,3,11,3
168,Advanced Human Resources: Theory and Practice,Dr. Prakash,Human Resources,979-9-779-606-5,6,15,15
169,Advanced Web Development: Theory and Practice,Dr. Ashok Kumar,Web Development,979-9-550-399-9,4,12,9
170,Advanced Sociology: Theory and Practice,Dr. Ashok Kumar,Sociology,978-4-724-814-9,5,5,3
171,Advanced Robotics: Theory and Practice,Prof. Frank Lee,Robotics,978-7-581-502-4,9,10,0
172,Marketing Management: Principles and Applications,Prof. Frank Lee,Business Management,978-9-359-827-9,2,11,9
173,Advanced Renewable Energy: Theory and Practice,Prof. Lakshmi Devi,Renewable Energy,979-4-354-200-6,6,12,5
174,Human Resource Management: Principles and Applications,Prof. Sarala,Business Management,979-0-669-250-2,6,11,4
175,Cryptography: Principles and Applications,Dr. Rajesh Babu,Cybersecurity,978-9-506-100-3,10,8,8
176,Analog Circuits: Principles and Applications,Prof. Lakshmi Devi,Electronics Engineering,979-8-114-481-2,1,4,4
177,Advanced Biology: Theory and Practice,Prof. Sunita Rao,Biology,978-5-391-431-1,7,8,4
178,Advanced Structural Analysis: Theory and Practice,Dr. Venkat Reddy,Structural Analysis,979-2-824-726-8,1,8,4
179,Manufacturing Processes: Principles and Applications,Dr. Rajesh Babu,Mechanical Engineering,978-0-552-521-6,10,6,4
180,Computer Networks: Principles and Applications,Dr. Prakash,Computer Science,978-9-218-595-5,2,15,4
181,Advanced Thermodynamics: Theory and Practice,Dr. Henry Davis,Thermodynamics,979-2-403-144-9,9,5,1
182,Linear Algebra: Principles and Applications,Prof. Grace Kim,Mathematics,979-0-397-456-6,5,5,4
183,Advanced Web Development: Theory and Practice,Dr. Priya Sharma,Web Development,978-5-867-834-8,7,8,5
184,Advanced Construction Management: Theory and Practice,Dr. Rajesh Babu,Construction Management,978-9-331-140-4,7,14,11
185,Cryptography: Principles and Applications,Prof. Anita Desai,Cybersecurity,978-3-841-378-7,6,10,3
186,Advanced Chemistry: Theory and Practice,Prof. Ramesh Gupta,Chemistry,978-0-654-551-4,3,14,4
187,Advanced Human Resources: Theory and Practice,Dr. Priya Sharma,Human Resources,979-6-818-933-1,7,10,10
188,Advanced Power Systems: Theory and Practice,Prof. Anita Desai,Power Systems,978-6-610-748-8,10,13,1
189,Advanced Thermodynamics: Theory and Practice,Prof. Sarala,Thermodynamics,979-2-445-489-4,1,14,2
190,Advanced Digital Signal Processing: Theory and Practice,Dr. Kiran Patel,Digital Signal Processing,979-4-959-605-8,5,10,6
191,Advanced Philosophy: Theory and Practice,Prof. Sarala,Philosophy,978-8-511-625-2,6,13,10
192,Strategic Management: Principles and Applications,Dr. Ashok Kumar,Business Management,979-2-959-107-1,8,3,0
193,Advanced Digital Signal Processing: Theory and Practice,Prof. Lakshmi Devi,Digital Signal Processing,978-3-911-214-8,6,7,0
194,Advanced Construction Management: Theory and Practice,Prof. Sarala,Construction Management,979-3-142-286-5,3,3,3
195,Advanced Construction Management: Theory and Practice,Prof. Sunita Rao,Construction Management,979-0-411-715-4,7,3,3
196,Advanced Finance: Theory and Practice,Prof. Sarala,Finance,978-0-202-116-3,6,6,6
197,Advanced Philosophy: Theory and Practice,Prof. Sunita Rao,Philosophy,979-5-745-892-3,5,15,3
198,Digital Forensics: Principles and Applications,Prof. Lakshmi Devi,Cybersecurity,978-0-616-304-5,3,15,2
199,Advanced Structural Analysis: Theory and Practice,Prof. Ramesh Gupta,Structural Analysis,979-2-908-467-1,10,14,4
200,Advanced Renewable Energy: Theory and Practice,Prof. Ramesh Gupta,Renewable Energy,979-5-221-834-8,1,6,4
201,Linear Algebra: Principles and Applications,Prof. Frank Lee,Mathematics,978-1-676-793-6,2,13,2
202,Advanced Renewable Energy: Theory and Practice,Dr. Prakash,Renewable Energy,979-0-461-509-1,10,7,1
203,Advanced Web Development: Theory and Practice,Dr. Kiran Patel,Web Development,978-8-761-582-8,10,10,3
204,Advanced Renewable Energy: Theory and Practice,Dr. Rajesh Babu,Renewable Energy,978-7-749-481-8,4,10,8
205,Advanced Power Systems: Theory and Practice,Prof. Anita Desai,Power Systems,979-0-695-215-9,5,3,0
206,Advanced Digital Signal Processing: Theory and Practice,Dr. Venkat Reddy,Digital Signal Processing,978-7-680-105-7,6,15,9
207,Advanced Control Systems: Theory and Practice,Prof. Grace Kim,Control Systems,979-3-903-621-4,10,4,0
208,Advanced Marketing: Theory and Practice,Prof. Sunita Rao,Marketing,978-4-309-193-5,7,6,4
209,Expert Systems: Principles and Applications,Dr. Ramesh Kumar,Artificial Intelligence,979-6-578-930-3,7,9,6
210,Microprocessors: Principles and Applications,Dr. Ramesh Kumar,Electronics Engineering,978-6-794-747-8,1,12,0
211,Advanced Marketing: Theory and Practice,Dr. Prakash,Marketing,979-1-221-879-9,4,7,4
212,Advanced Biotechnology: Theory and Practice,Dr. Prakash,Biotechnology,979-0-676-133-2,2,10,3
213,Advanced Marketing: Theory and Practice,Prof. Sarala,Marketing,979-4-800-827-6,1,11,3
214,Advanced Communication Systems: Theory and Practice,Prof. Ramesh Gupta,Communication Systems,979-7-183-726-4,6,12,0
215,Advanced Control Systems: Theory and Practice,Dr. Prakash,Control Systems,979-9-584-274-6,3,6,2
216,Advanced Human Resources: Theory and Practice,Dr. Ramesh Kumar,Human Resources,978-0-317-864-2,10,3,0
217,Advanced Finance: Theory and Practice,Prof. Sunita Rao,Finance,978-2-898-831-8,9,12,6
218,Advanced Political Science: Theory and Practice,Dr. Priya Sharma,Political Science,978-5-473-901-8,6,9,0
219,Advanced Cloud Computing: Theory and Practice,Dr. Prakash,Cloud Computing,979-2-189-656-7,6,13,0
220,Advanced Web Development: Theory and Practice,Dr. Kiran Patel,Web Development,979-7-463-694-5,4,3,0
221,Advanced Mobile Development: Theory and Practice,Dr. Prakash,Mobile Development,979-1-836-953-7,6,12,10
222,Advanced Sociology: Theory and Practice,Prof. Sarala,Sociology,979-2-363-631-8,9,3,3
223,Advanced Mobile Development: Theory and Practice,Prof. Frank Lee,Mobile Development,979-9-921-453-5,6,6,6
224,Advanced Robotics: Theory and Practice,Dr. Prakash,Robotics,979-9-124-130-5,2,12,3
225,Operating Systems: Principles and Applications,Dr. Kiran Patel,Computer Science,978-0-700-217-6,9,5,5
226,Advanced Structural Analysis: Theory and Practice,Prof. Lakshmi Devi,Structural Analysis,978-6-788-791-6,10,9,5
227,Advanced Philosophy: Theory and Practice,Dr. Ashok Kumar,Philosophy,979-9-394-402-7,10,12,12
228,Advanced Biotechnology: Theory and Practice,Dr. Priya Sharma,Biotechnology,979-3-674-604-4,2,7,5
229,Manufacturing Processes: Principles and Applications,Dr. Ashok Kumar,Mechanical Engineering,979-6-203-979-9,1,5,3
230,Advanced Fluid Mechanics: Theory and Practice,Dr. Venkat Reddy,Fluid Mechanics,978-6-926-813-2,1,6,3
231,Engineering Mechanics: Principles and Applications,Prof. Frank Lee,Mechanical Engineering,979-8-565-849-1,1,5,5
232,Advanced Structural Analysis: Theory and Practice,Prof. Lakshmi Devi,Structural Analysis,979-5-630-798-3,2,5,5
233,Advanced Robotics: Theory and Practice,Dr. Venkat Reddy,Robotics,978-7-430-170-7,4,14,1
234,Classical Mechanics: Principles and Applications,Prof. Grace Kim,Physics,979-1-804-609-9,1,14,3
235,Advanced Robotics: Theory and Practice,Prof. Grace Kim,Robotics,979-6-143-143-9,3,14,1
236,Advanced Sociology: Theory and Practice,Prof. Sarala,Sociology,979-4-772-604-1,5,15,10
237,Advanced Fluid Mechanics: Theory and Practice,Dr. Priya Sharma,Fluid Mechanics,979-7-487-885-2,3,6,4
238,Advanced Biology: Theory and Practice,Prof. Grace Kim,Biology,979-6-925-282-5,7,14,4
239,Advanced Cloud Computing: Theory and Practice,Prof. Sunita Rao,Cloud Computing,979-3-232-706-9,7,13,4
240,Algorithms: Principles and Applications,Prof. Meera Nair,Computer Science,979-3-427-540-2,6,7,1
241,Advanced Cloud Computing: Theory and Practice,Dr. Venkat Reddy,Cloud Computing,979-5-502-298-1,6,7,2
242,Advanced Cloud Computing: Theory and Practice,Prof. Ramesh Gupta,Cloud Computing,978-8-923-329-7,2,11,5
243,Advanced Philosophy: Theory and Practice,Prof. Grace Kim,Philosophy,978-1-124-860-1,6,14,9
244,Advanced Finance: Theory and Practice,Dr. Rajesh Babu,Finance,978-5-273-533-3,10,14,12
245,Aerospace Engineering: Principles and Applications,Dr. Prakash,Mechanical Engineering,978-8-452-702-4,1,8,5
246,Advanced Marketing: Theory and Practice,Prof. Frank Lee,Marketing,979-1-475-239-2,8,7,2
247,Advanced Biology: Theory and Practice,Dr. Rajesh Babu,Biology,979-3-442-458-4,5,15,7
248,Pattern Recognition: Principles and Applications,Prof. Grace Kim,Machine Learning,978-4-125-988-5,2,11,2
249,Operations Management: Principles and Applications,Dr. Prakash,Business Management,979-0-542-408-9,5,5,4
250,Advanced Structural Analysis: Theory and Practice,Prof. Frank Lee,Structural Analysis,979-2-229-451-1,1,3,1
251,Advanced Philosophy: Theory and Practice,Prof. Meera Nair,Philosophy,979-5-896-878-6,1,10,2
252,Machine Design: Principles and Applications,Prof. Meera Nair,Mechanical Engineering,979-7-139-649-4,5,11,1
253,Advanced Economics: Theory and Practice,Dr. Kiran Patel,Economics,978-4-570-366-3,7,6,3
254,Transportation Engineering: Principles and Applications,Dr. Rajesh Babu,Civil Engineering,978-9-681-847-8,4,5,0
255,Advanced Biology: Theory and Practice,Prof. Anita Desai,Biology,979-8-702-620-4,10,6,6
256,Advanced Control Systems: Theory and Practice,Dr. Kiran Patel,Control Systems,978-8-137-692-5,3,11,10
257,Advanced Chemistry: Theory and Practice,Dr. Rajesh Babu,Chemistry,978-5-135-216-9,8,5,3
258,Advanced Mobile Development: Theory and Practice,Prof. Grace Kim,Mobile Development,979-5-609-293-5,10,7,5
259,Computer Networks: Principles and Applications,Dr. Ashok Kumar,Computer Science,979-5-111-130-7,1,11,11
260,Advanced Sociology: Theory and Practice,Prof. Frank Lee,Sociology,978-2-609-100-9,5,11,5
261,Advanced Human Resources: Theory and Practice,Prof. Sunita Rao,Human Resources,979-5-682-843-1,10,15,1
262,Advanced Biology: Theory and Practice,Dr. Ramesh Kumar,Biology,979-6-345-135-1,1,5,2
263,Statistical Methods: Principles and Applications,Prof. Sarala,Data Science,979-9-992-466-4,3,12,3
264,Advanced Political Science: Theory and Practice,Dr. Rajesh Babu,Political Science,979-4-475-742-6,10,15,5
265,Advanced Sociology: Theory and Practice,Prof. Meera Nair,Sociology,978-2-920-250-4,7,10,5
266,VLSI Design: Principles and Applications,Prof. Ramesh Gupta,Electronics Engineering,978-4-272-291-1,3,4,3
267,Advanced Digital Signal Processing: Theory and Practice,Dr. Prakash,Digital Signal Processing,978-1-775-892-9,9,12,7
268,Advanced Communication Systems: Theory and Practice,Prof. Meera Nair,Communication Systems,979-0-300-854-6,9,14,7
269,Advanced Communication Systems: Theory and Practice,Dr. Prakash,Communication Systems,978-3-804-561-9,10,11,8
270,Advanced Communication Systems: Theory and Practice,Prof. Sunita Rao,Communication Systems,978-4-855-691-5,6,15,15
271,Advanced Construction Management: Theory and Practice,Dr. Ashok Kumar,Construction Management,978-0-446-235-4,3,11,10
272,Advanced Construction Management: Theory and Practice,Prof. Ramesh Gupta,Construction Management,979-8-818-889-3,3,10,5
273,Security Protocols: Principles and Applications,Dr. Rajesh Babu,Cybersecurity,978-0-885-750-8,9,14,12
274,Advanced Thermodynamics: Theory and Practice,Dr. Henry Davis,Thermodynamics,979-5-939-420-3,3,14,7
275,Advanced Fluid Mechanics: Theory and Practice,Prof. Grace Kim,Fluid Mechanics,978-0-638-415-9,5,14,13
276,Advanced Robotics: Theory and Practice,Dr. Henry Davis,Robotics,979-2-528-897-7,4,7,1
277,Classical Mechanics: Principles and Applications,Prof. Grace Kim,Physics,978-1-358-406-9,4,10,7
278,Advanced Communication Systems: Theory and Practice,Prof. Meera Nair,Communication Systems,979-3-123-762-6,10,3,1
279,Advanced Finance: Theory and Practice,Dr. Rajesh Babu,Finance,979-5-113-389-9,2,4,4
280,Calculus: Principles and Applications,Prof. Grace Kim,Mathematics,978-8-675-889-7,8,10,8
281,Advanced Web Development: Theory and Practice,Dr. Ramesh Kumar,Web Development,979-8-986-320-4,8,15,7
282,Advanced Robotics: Theory and Practice,Prof. Grace Kim,Robotics,978-7-986-372-5,7,15,7
283,Neural Networks: Principles and Applications,Prof. Anita Desai,Artificial Intelligence,979-7-269-813-8,8,10,5
284,Advanced Structural Analysis: Theory and Practice,Prof. Ramesh Gupta,Structural Analysis,978-8-897-794-8,9,13,9
285,Advanced Construction Management: Theory and Practice,Prof. Frank Lee,Construction Management,979-3-674-913-4,1,8,0
286,Advanced Biology: Theory and Practice,Dr. Prakash,Biology,979-9-485-383-9,2,9,9
287,Advanced Construction Management: Theory and Practice,Dr. Rajesh Babu,Construction Management,978-2-639-478-3,10,12,7
288,Advanced Philosophy: Theory and Practice,Prof. Sunita Rao,Philosophy,978-0-772-224-7,1,12,9
289,Advanced Mobile Development: Theory and Practice,Dr. Ashok Kumar,Mobile Development,978-2-531-847-2,8,6,5
290,Statistical Methods: Principles and Applications,Dr. Henry Davis,Data Science,979-6-385-501-2,10,14,4
291,Predictive Analytics: Principles and Applications,Dr. Ashok Kumar,Data Science,979-3-215-534-2,3,6,0
292,Computer Networks: Principles and Applications,Prof. Sunita Rao,Computer Science,979-3-983-480-5,10,13,9
293,Advanced Finance: Theory and Practice,Prof. Meera Nair,Finance,979-2-597-566-5,3,4,3
294,Advanced Renewable Energy: Theory and Practice,Prof. Sarala,Renewable Energy,978-5-472-910-2,5,13,4
295,Advanced Power Systems: Theory and Practice,Dr. Prakash,Power Systems,979-6-640-601-7,9,11,0
296,Advanced Political Science: Theory and Practice,Prof. Sunita Rao,Political Science,978-3-267-701-5,3,15,3
297,Advanced Political Science: Theory and Practice,Prof. Lakshmi Devi,Political Science,978-3-520-455-3,2,13,6
298,Manufacturing Processes: Principles and Applications,Dr. Henry Davis,Mechanical Engineering,978-9-668-357-7,10,10,6
299,Network Security: Principles and Applications,Dr. Venkat Reddy,Cybersecurity,978-9-884-339-2,3,9,2
300,Microprocessors: Principles and Applications,Dr. Ramesh Kumar,Electronics Engineering,978-7-715-803-3,3,6,1
